region,province,surname
Lombardia,Bergamo,Locatelli
Lombardia,Bergamo,Rota
Lombardia,Bergamo,Belotti
Lombardia,Bergamo,Carminati
Lombardia,Bergamo,Carrara
Lombardia,Bergamo,Rossi
Lombardia,Bergamo,Ferraro
Lombardia,Bergamo,Cattaneo
Lombardia,Bergamo,Mazzoleno
Lombardia,Bergamo,Cortinovis
Lombardia,Brescia,Ferrari
Lombardia,Brescia,Rossi
Lombardia,Brescia,Zani
Lombardia,Brescia,Bresciani
Lombardia,Brescia,Filippini
Lombardia,Brescia,Franzoni
Lombardia,Brescia,Vezzoli
Lombardia,Brescia,Marini
Lombardia,Brescia,Bianchi
Lombardia,Brescia,Zanetti
Lombardia,Como,Colombo
Lombardia,Como,Bianchi
Lombardia,Como,Molteni
Lombardia,Como,Frigerio
Lombardia,Como,Cattaneo
Lombardia,Como,Bernasconi
Lombardia,Como,Marelli
Lombardia,Como,Corti
Lombardia,Como,Galli
Lombardia,Como,Tagliabue
Lombardia,Cremona,Ferrari
Lombardia,Cremona,Rossi
Lombardia,Cremona,Vailati
Lombardia,Cremona,Galli
Lombardia,Cremona,Cattaneo
Lombardia,Cremona,Barbieri
Lombardia,Cremona,Denti
Lombardia,Cremona,Bianchi
Lombardia,Cremona, Guarneri
Lombardia,Cremona,Bodini
Lombardia,Lecco,Colombo
Lombardia,Lecco,Fumagalli
Lombardia,Lecco,Riva
Lombardia,Lecco,Panzeri
Lombardia,Lecco,Valsecchi
Lombardia,Lecco,Corti
Lombardia,Lecco,Sala
Lombardia,Lecco,Perego
Lombardia,Lecco,Crippa
Lombardia,Lecco,Redaelli
Lombardia,Lodi,Ferrari
Lombardia,Lodi,Rossi
Lombardia,Lodi,Bianchi
Lombardia,Lodi,Negri
Lombardia,Lodi,Anelli
Lombardia,Lodi,Cremonesi
Lombardia,Lodi,Granata
Lombardia,Lodi,Grossi
Lombardia,Lodi,Pedrazzini
Lombardia,Lodi,Dragoni
Lombardia,Mantova,Ferrari
Lombardia,Mantova,Rossi
Lombardia,Mantova,Mantovani
Lombardia,Mantova,Bellini
Lombardia,Mantova,Negri
Lombardia,Mantova,Benatti
Lombardia,Mantova,Malavasi
Lombardia,Mantova,Barbieri
Lombardia,Mantova,Baraldi
Lombardia,Mantova,Vincenzi
Lombardia,Milano,Colombo
Lombardia,Milano,Rossi
Lombardia,Milano,Ferrari
Lombardia,Milano,Bianchi
Lombardia,Milano,Villa
Lombardia,Milano,Brambilla
Lombardia,Milano,Cattaneo
Lombardia,Milano,Sala
Lombardia,Milano,Russo
Lombardia,Milano,Garavaglia
Lombardia,Monza e della Brianza,Colombo
Lombardia,Monza e della Brianza,Sala
Lombardia,Monza e della Brianza,Villa
Lombardia,Monza e della Brianza,Brambilla
Lombardia,Monza e della Brianza,Mariani
Lombardia,Monza e della Brianza,Fumagalli
Lombardia,Monza e della Brianza,Beretta
Lombardia,Monza e della Brianza,Crippa
Lombardia,Monza e della Brianza,Riva
Lombardia,Monza e della Brianza,Perego
Lombardia,Pavia,Ferrari
Lombardia,Pavia,Rossi
Lombardia,Pavia,Barbieri
Lombardia,Pavia,Sacchi
Lombardia,Pavia,Gatti
Lombardia,Pavia,Maggi
Lombardia,Pavia,Negri
Lombardia,Pavia,Bianchi
Lombardia,Pavia,Montagna
Lombardia,Pavia,Vercesi
Lombardia,Sondrio,Gusmeroli
Lombardia,Sondrio,Rossi
Lombardia,Sondrio,Pini
Lombardia,Sondrio,Acquistapace
Lombardia,Sondrio,Martinelli
Lombardia,Sondrio,Scherini
Lombardia,Sondrio,Bertolini
Lombardia,Sondrio,Rodigari
Lombardia,Sondrio,Galli
Lombardia,Sondrio,Mazzoni
Lombardia,Varese,Colombo
Lombardia,Varese,Bianchi
Lombardia,Varese,Macchi
Lombardia,Varese,Rossi
Lombardia,Varese,Ferrario
Lombardia,Varese,Castiglioni
Lombardia,Varese,Ferrari
Lombardia,Varese,Crespi
Lombardia,Varese,Cerrani
Lombardia,Varese,Galli
Lazio,Frosinone,Rossi
Lazio,Frosinone,Fiorini
Lazio,Frosinone,De Santis
Lazio,Frosinone,Bianchi
Lazio,Frosinone,Rea
Lazio,Frosinone,Campoli
Lazio,Frosinone,Mancini
Lazio,Frosinone,Gabriele
Lazio,Frosinone,Ricci
Lazio,Frosinone,Martini
Lazio,Latina,Rossi
Lazio,Latina,Mancini
Lazio,Latina,De Angelis
Lazio,Latina,Conte
Lazio,Latina,Di Girolamo
Lazio,Latina,Russo
Lazio,Latina,De Santis
Lazio,Latina,Forte
Lazio,Latina,Ricci
Lazio,Latina,Fusco
Lazio,Rieti,Rossi
Lazio,Rieti,De Angelis
Lazio,Rieti,De Santis
Lazio,Rieti,Mancini
Lazio,Rieti,Rinaldi
Lazio,Rieti,Angelucci
Lazio,Rieti,Rosati
Lazio,Rieti,Nobili
Lazio,Rieti,Festuccia
Lazio,Rieti,Paolucci
Lazio,Roma,Rossi
Lazio,Roma,Mancini
Lazio,Roma,De Angelis
Lazio,Roma,Proietti
Lazio,Roma,De Santis
Lazio,Roma,Conti
Lazio,Roma,Ricci
Lazio,Roma,Russo
Lazio,Roma,Bianchi
Lazio,Roma,Mariani
Lazio,Viterbo,Rossi
Lazio,Viterbo,Ricci
Lazio,Viterbo,Proietti
Lazio,Viterbo,Mancini
Lazio,Viterbo,Moretti
Lazio,Viterbo,Ceccarelli
Lazio,Viterbo,Mariani
Lazio,Viterbo,De Santis
Lazio,Viterbo,Marini
Lazio,Viterbo,Santini
Campania,Avellino,Russo
Campania,Avellino,Napolitano
Campania,Avellino,Iannaccone
Campania,Avellino,Grasso
Campania,Avellino,Guerriero
Campania,Avellino,Picariello
Campania,Avellino,Romano
Campania,Avellino,Esposito
Campania,Avellino,Coppola
Campania,Avellino,De Maio
Campania,Benevento,Russo
Campania,Benevento,Lombardi
Campania,Benevento,Romano
Campania,Benevento,Izzo
Campania,Benevento,Ruggiero
Campania,Benevento,Fusco
Campania,Benevento,De Luca
Campania,Benevento,Massaro
Campania,Benevento,Maio
Campania,Benevento,Parente
Campania,Caserta,Russo
Campania,Caserta,Esposito
Campania,Caserta,Natale
Campania,Caserta,De Lucia
Campania,Caserta,Diana
Campania,Caserta,Fusco
Campania,Caserta,Merola
Campania,Caserta,Piscitelli
Campania,Caserta,Izzo
Campania,Caserta,Marino
Campania,Napoli,Esposito
Campania,Napoli,Russo
Campania,Napoli,Romano
Campania,Napoli,Coppola
Campania,Napoli,De Rosa
Campania,Napoli,Sorrentino
Campania,Napoli,Gargiulo
Campania,Napoli,De Luca
Campania,Napoli,Capasso
Campania,Napoli,Cozzolino
Campania,Salerno,Esposito
Campania,Salerno,Russo
Campania,Salerno,Giordano
Campania,Salerno,Ferrara
Campania,Salerno,Senatore
Campania,Salerno,Coppola
Campania,Salerno,Pepe
Campania,Salerno,Romano
Campania,Salerno,Ruggiero
Campania,Salerno,Marino
Veneto,Belluno,Bortoluzzi
Veneto,Belluno,Costa
Veneto,Belluno,De Bona
Veneto,Belluno,Da Rold
Veneto,Belluno,Zanella
Veneto,Belluno,De Col
Veneto,Belluno,D'Incà
Veneto,Belluno,Dal Farra 
Veneto,Belluno,Bortot
Veneto,Belluno,Sacchet
Veneto,Padova,Carraro
Veneto,Padova,Schiavon
Veneto,Padova,Masiero
Veneto,Padova,Trevisan
Veneto,Padova,Rampazzo
Veneto,Padova,Rossi
Veneto,Padova,Gallo
Veneto,Padova,Rizzo
Veneto,Padova,Pavan
Veneto,Padova,Berto
Veneto,Rovigo,Rossi
Veneto,Rovigo,Ferrari
Veneto,Rovigo,Crepaldi
Veneto,Rovigo,Ferro
Veneto,Rovigo,Mantovani
Veneto,Rovigo,Milan
Veneto,Rovigo,Veronese
Veneto,Rovigo,Marangon
Veneto,Rovigo,Finotti
Veneto,Rovigo,Milani
Veneto,Treviso,Casagrande
Veneto,Treviso,Zanatta
Veneto,Treviso,Pavan
Veneto,Treviso,Visentin
Veneto,Treviso,Favaro
Veneto,Treviso,Marcon
Veneto,Treviso,Furlan
Veneto,Treviso,Basso
Veneto,Treviso,Favero
Veneto,Treviso,Sartor
Veneto,Venezia,Boscolo
Veneto,Venezia,Vianello
Veneto,Venezia,Scarpa
Veneto,Venezia,Trevisan
Veneto,Venezia,Carraro
Veneto,Venezia,Rossi
Veneto,Venezia,Zennaro
Veneto,Venezia,Tiozzo
Veneto,Venezia,Ballarin
Veneto,Venezia,Penzo
Veneto,Verona,Ferrari
Veneto,Verona,Rossi
Veneto,Verona,Righetti
Veneto,Verona,Sartori
Veneto,Verona,Cordioli
Veneto,Verona,Lonardi
Veneto,Verona,Mantovani
Veneto,Verona,Adami
Veneto,Verona,Zanetti
Veneto,Verona,Fasoli
Veneto,Vicenza,Rossi
Veneto,Vicenza,Sartori
Veneto,Vicenza,Costa
Veneto,Vicenza,Fabris
Veneto,Vicenza,Baggio
Veneto,Vicenza,Lovato
Veneto,Vicenza,Frigo
Veneto,Vicenza,Fontana
Veneto,Vicenza,Zordan
Veneto,Vicenza,Bonato 
Sicilia,Agrigento,Vella
Sicilia,Agrigento,Russo
Sicilia,Agrigento,Licata
Sicilia,Agrigento,Rizzo
Sicilia,Agrigento,Montalbano
Sicilia,Agrigento,Sanfilippo
Sicilia,Agrigento,Marino
Sicilia,Agrigento,Amato
Sicilia,Agrigento,Lombardo
Sicilia,Agrigento,Alaimo
Sicilia,Caltanissetta,Amico
Sicilia,Caltanissetta,Lombardo
Sicilia,Caltanissetta,Falzone
Sicilia,Caltanissetta,Messina
Sicilia,Caltanissetta,Romano
Sicilia,Caltanissetta,Russo
Sicilia,Caltanissetta,Riggi
Sicilia,Caltanissetta,Di Dio
Sicilia,Caltanissetta,Ferrara
Sicilia,Caltanissetta,Cammarata
Sicilia,Catania,Russo
Sicilia,Catania,Grasso
Sicilia,Catania,Pappalardo
Sicilia,Catania,Messina
Sicilia,Catania,Caruso
Sicilia,Catania,Giuffrida
Sicilia,Catania,Privitera
Sicilia,Catania,Rapisarda
Sicilia,Catania,Torrisi
Sicilia,Catania,Di Mauro
Sicilia,Enna,Giunta
Sicilia,Enna,Russo
Sicilia,Enna,Gagliano
Sicilia,Enna,Messina
Sicilia,Enna,Trovato
Sicilia,Enna,Bruno
Sicilia,Enna,Rizzo
Sicilia,Enna,Arena
Sicilia,Enna,Costa
Sicilia,Enna,Romano
Sicilia,Messina,Russo
Sicilia,Messina,Rizzo
Sicilia,Messina,Arena
Sicilia,Messina,Costa
Sicilia,Messina,Parisi
Sicilia,Messina,Lombardo
Sicilia,Messina,Foti
Sicilia,Messina,Messina
Sicilia,Messina,Ruggeri
Sicilia,Messina,Puglisi
Sicilia,Palermo,Russo
Sicilia,Palermo,Messina
Sicilia,Palermo,Vitale
Sicilia,Palermo,Rizzo
Sicilia,Palermo,Randazzo
Sicilia,Palermo,Romano
Sicilia,Palermo,Gambino
Sicilia,Palermo,Greco
Sicilia,Palermo,Caruso
Sicilia,Palermo,Amato
Sicilia,Ragusa,Occhipinti
Sicilia,Ragusa,Iacono
Sicilia,Ragusa,Licitra
Sicilia,Ragusa,Battaglia
Sicilia,Ragusa,Gurrieri
Sicilia,Ragusa,Tumino
Sicilia,Ragusa,Cappello
Sicilia,Ragusa,Cascone 
Sicilia,Ragusa,Guastone
Sicilia,Ragusa,Guastella
Sicilia,Siracusa,Caruso
Sicilia,Siracusa,Russo
Sicilia,Siracusa,Campisi
Sicilia,Siracusa,Marino
Sicilia,Siracusa,Rizza
Sicilia,Siracusa,Di Mauro
Sicilia,Siracusa,Romano
Sicilia,Siracusa,Lombardo
Sicilia,Siracusa,Gallo
Sicilia,Siracusa,Greco
Sicilia,Trapani,Giacalone
Sicilia,Trapani,Marino
Sicilia,Trapani,Lombardo
Sicilia,Trapani,Messina
Sicilia,Trapani,Pipitone
Sicilia,Trapani,Asaro
Sicilia,Trapani,Genna
Sicilia,Trapani,Parrinello
Sicilia,Trapani,Rallo
Sicilia,Trapani,Russo
Emilia,Bologna,Venturi
Emilia,Bologna,Rossi
Emilia,Bologna,Fabbri
Emilia,Bologna,Nanni
Emilia,Bologna,Gamberini
Emilia,Bologna,Montanari
Emilia,Bologna,Monti
Emilia,Bologna,Barbieri
Emilia,Bologna,Ferrari
Emilia,Bologna,Grandi
Emilia,Ferrara,Mantovani
Emilia,Ferrara,Balboni
Emilia,Ferrara,Fabbri
Emilia,Ferrara,Rossi
Emilia,Ferrara,Govoni
Emilia,Ferrara,Ferrari
Emilia,Ferrara,Menegatti
Emilia,Ferrara,Cavallari
Emilia,Ferrara,Benini
Emilia,Ferrara,Lodi
Emilia,Forli-Cesena,Fabbri
Emilia,Forli-Cesena,Rossi
Emilia,Forli-Cesena,Casadei
Emilia,Forli-Cesena,Ricci
Emilia,Forli-Cesena,Magnani
Emilia,Forli-Cesena,Monti
Emilia,Forli-Cesena,Amadori
Emilia,Forli-Cesena,Foschi
Emilia,Forli-Cesena,Battistini
Emilia,Forli-Cesena,Ravaioli
Emilia,Modena,Ferrari
Emilia,Modena,Barbieri
Emilia,Modena,Rossi
Emilia,Modena,Venturelli
Emilia,Modena,Lugli
Emilia,Modena,Malagoli
Emilia,Modena,Baraldi
Emilia,Modena,Righi
Emilia,Modena,Borghi
Emilia,Modena,Luppi
Emilia,Parma,Ferrari
Emilia,Parma,Rossi
Emilia,Parma,Corradi
Emilia,Parma,Bianchi
Emilia,Parma,Magnani
Emilia,Parma,Cavalli
Emilia,Parma,Barbieri
Emilia,Parma,Campanini
Emilia,Parma,Tanzi
Emilia,Parma,Bocchi
Emilia,Piacenza,Rossi
Emilia,Piacenza,Ferrari
Emilia,Piacenza,Barbieri
Emilia,Piacenza,Carini
Emilia,Piacenza,Mazzocchi
Emilia,Piacenza,Tagliaferri
Emilia,Piacenza,Molinari
Emilia,Piacenza,Sartori
Emilia,Piacenza,Gazzola
Emilia,Piacenza,Schiavi
Emilia,Ravenna,Fabbri
Emilia,Ravenna,Montanari
Emilia,Ravenna,Casadio
Emilia,Ravenna,Rossi
Emilia,Ravenna,Ricci
Emilia,Ravenna,Melandri
Emilia,Ravenna,Mazzotti
Emilia,Ravenna,Babini
Emilia,Ravenna,Liverani
Emilia,Ravenna,Bandini
Emilia,Reggio-Emilia,Ferrari
Emilia,Reggio-Emilia,Rossi
Emilia,Reggio-Emilia,Montanari
Emilia,Reggio-Emilia,Ferretti
Emilia,Reggio-Emilia,Catellani
Emilia,Reggio-Emilia,Magnani
Emilia,Reggio-Emilia,Davoli
Emilia,Reggio-Emilia,Menozzi
Emilia,Reggio-Emilia,Barbieri
Emilia,Reggio-Emilia,Iotti
Emilia,Rimini,Fabbri
Emilia,Rimini,Rossi
Emilia,Rimini,Casadei
Emilia,Rimini,Semprini
Emilia,Rimini,Bianchi
Emilia,Rimini,Montanari
Emilia,Rimini,Ricci
Emilia,Rimini,Magnani
Emilia,Rimini,Morri
Emilia,Rimini,Guidi
Piemonte,Alessandria,Repetto
Piemonte,Alessandria,Ferrari
Piemonte,Alessandria,Rossi
Piemonte,Alessandria,Parodi
Piemonte,Alessandria,Ferraris
Piemonte,Alessandria,Bisio
Piemonte,Alessandria,Poggio
Piemonte,Alessandria,Gatti
Piemonte,Alessandria,Bianchi
Piemonte,Alessandria,Traverso
Piemonte,Asti,Ferrero
Piemonte,Asti,Musso
Piemonte,Asti,Bianco
Piemonte,Asti,Rosso
Piemonte,Asti,Barbero
Piemonte,Asti,Gallo  Franco
Piemonte,Asti,Amerio
Piemonte,Asti,Cerrato
Piemonte,Asti,Torchio
Piemonte,Biella,Mosca
Piemonte,Biella,Acquadro
Piemonte,Biella,Lanza
Piemonte,Biella,Ramella
Piemonte,Biella,Rosso
Piemonte,Biella,Rossi
Piemonte,Biella,Ferrari
Piemonte,Biella,Pozzo
Piemonte,Biella,Canova
Piemonte,Biella,Barbera
Piemonte,Cuneo,Ferrero
Piemonte,Cuneo,Giordano
Piemonte,Cuneo,Giraudo
Piemonte,Cuneo,Bruno
Piemonte,Cuneo,Rosso
Piemonte,Cuneo,Dalmasso
Piemonte,Cuneo,Dutto
Piemonte,Cuneo,Gallo
Piemonte,Cuneo,Pellegrino
Piemonte,Cuneo,Barbero
Piemonte,Novara,Colombo
Piemonte,Novara,Ferrari
Piemonte,Novara,Rossi
Piemonte,Novara,Cerutti
Piemonte,Novara,Zanetta
Piemonte,Novara,Fornara
Piemonte,Novara,Mora
Piemonte,Novara,Poletti
Piemonte,Novara,Miglio
Piemonte,Novara,Sacco
Piemonte,Torino,Ferrero
Piemonte,Torino,Gallo
Piemonte,Torino,Bruno
Piemonte,Torino,Russo
Piemonte,Torino,Rossi
Piemonte,Torino,Bianco
Piemonte,Torino,Rosso
Piemonte,Torino,Giordano
Piemonte,Torino,Costa
Piemonte,Torino,Marino
Piemonte,Verbano Cusio Ossola,Ferrari
Piemonte,Verbano Cusio Ossola,Cerutti
Piemonte,Verbano Cusio Ossola,Rossi
Piemonte,Verbano Cusio Ossola,Piana
Piemonte,Verbano Cusio Ossola,Caretti
Piemonte,Verbano Cusio Ossola,Beltrami
Piemonte,Verbano Cusio Ossola,Bianchi
Piemonte,Verbano Cusio Ossola,Morandi
Piemonte,Verbano Cusio Ossola,Ferraris
Piemonte,Verbano Cusio Ossola,Colombo
Piemonte,Vercelli,Ferraris
Piemonte,Vercelli,Rossi
Piemonte,Vercelli,Rosso
Piemonte,Vercelli,Conti
Piemonte,Vercelli,Greppi
Piemonte,Vercelli,Ferrarotti
Piemonte,Vercelli,Francese  Ferrari
Piemonte,Vercelli,Barberis
Piemonte,Vercelli,Barbero
Puglia,Bari,Lorusso
Puglia,Bari,Fiore
Puglia,Bari,Cassano
Puglia,Bari,Gentile
Puglia,Bari,Palmisano
Puglia,Bari,Fanelli
Puglia,Bari,Bruno
Puglia,Bari,De Palma
Puglia,Bari,Rizzi
Puglia,Bari,Colonna
Puglia,Barletta Andria Trani,Lorusso
Puglia,Barletta Andria Trani,Rizzi
Puglia,Barletta Andria Trani,Zagaria
Puglia,Barletta Andria Trani,Piazzolla
Puglia,Barletta Andria Trani,Di Bari
Puglia,Barletta Andria Trani,Russo
Puglia,Barletta Andria Trani,Leonetti
Puglia,Barletta Andria Trani,Cannone
Puglia,Barletta Andria Trani,Matera
Puglia,Barletta Andria Trani,Doronzo
Puglia,Brindisi,Semeraro
Puglia,Brindisi,Greco
Puglia,Brindisi,Santoro
Puglia,Brindisi,Cavallo
Puglia,Brindisi,Palmisani
Puglia,Brindisi,Saponaro
Puglia,Brindisi,Carrozzo
Puglia,Brindisi,Epifani
Puglia,Brindisi,Vitale
Puglia,Brindisi,Ligorio
Puglia,Foggia,Russo
Puglia,Foggia,Rinaldi
Puglia,Foggia,Lombardi
Puglia,Foggia,Prencipe
Puglia,Foggia,Guerra
Puglia,Foggia,Totaro
Puglia,Foggia,Palumbo
Puglia,Foggia,Ciuffreda
Puglia,Foggia,Santoro
Puglia,Foggia,Ciavarella
Puglia,Lecce,Rizzo
Puglia,Lecce,Greco
Puglia,Lecce,Perrone
Puglia,Lecce,Quarta
Puglia,Lecce,Romano
Puglia,Lecce,Longo
Puglia,Lecce,Russo
Puglia,Lecce,De Giorgi
Puglia,Lecce,Conte
Puglia,Lecce,Caputo
Puglia,Taranto,Semeraro
Puglia,Taranto,Greco
Puglia,Taranto,Santoro
Puglia,Taranto,Basile
Puglia,Taranto,Russo
Puglia,Taranto,Palmisano
Puglia,Taranto,Carrieri
Puglia,Taranto,Colucci
Puglia,Taranto,Quaranta
Puglia,Taranto,Fumarola
Toscana,Arezzo,Rossi
Toscana,Arezzo,Gori
Toscana,Arezzo,Nocentini
Toscana,Arezzo,Innocenti
Toscana,Arezzo,Fabbri
Toscana,Arezzo,Bartolini
Toscana,Arezzo,Donati
Toscana,Arezzo,Ricci
Toscana,Arezzo,Martini
Toscana,Arezzo,Bianchi
Toscana,Firenze,Rossi
Toscana,Firenze,Innocenti
Toscana,Firenze,Bianchi
Toscana,Firenze,Gori
Toscana,Firenze,Conti
Toscana,Firenze,Martini
Toscana,Firenze,Landi
Toscana,Firenze,Bini
Toscana,Firenze,Manetti
Toscana,Firenze,Casini
Toscana,Grosseto,Rossi
Toscana,Grosseto,Bianchi
Toscana,Grosseto,Pellegrini
Toscana,Grosseto,Sabatini
Toscana,Grosseto,Martini
Toscana,Grosseto,Vichi
Toscana,Grosseto,Corridori
Toscana,Grosseto,Bernardini
Toscana,Grosseto,Pieri
Toscana,Grosseto,Monaci
Toscana,Livorno,Rossi
Toscana,Livorno,Bianchi
Toscana,Livorno,Morelli
Toscana,Livorno,Lenzi
Toscana,Livorno,Giusti 
Toscana,Livorno,Bertini
Toscana,Livorno,Bacci
Toscana,Livorno,Donati
Toscana,Livorno,Filippi
Toscana,Livorno,Salvadori
Toscana,Lucca,Pardini
Toscana,Lucca,Rossi
Toscana,Lucca,Lucchesi
Toscana,Lucca,Bianchi
Toscana,Lucca,Martinelli
Toscana,Lucca,Benedetti
Toscana,Lucca,Ricci
Toscana,Lucca,Giannini
Toscana,Lucca,Giusti
Toscana,Lucca,Pellegrini
Toscana,Massa,Ricci
Toscana,Massa,Rossi
Toscana,Massa,Mosti
Toscana,Massa,Dell'Amico
Toscana,Massa,Manfredi
Toscana,Massa,Menconi
Toscana,Massa,Ferrari
Toscana,Massa,Bianchi
Toscana,Massa,Pucci
Toscana,Massa,Baldini
Toscana,Pisa,Rossi
Toscana,Pisa,Salvadori
Toscana,Pisa,Donati
Toscana,Pisa,Bertini
Toscana,Pisa,Bianchi
Toscana,Pisa,Moretti
Toscana,Pisa,Barsotti
Toscana,Pisa,Bacci
Toscana,Pisa,Sbrana
Toscana,Pisa,Benvenuti
Toscana,Pistoia,Innocenti
Toscana,Pistoia,Gori
Toscana,Pistoia,Baldi
Toscana,Pistoia,Biagini
Toscana,Pistoia,Niccolai
Toscana,Pistoia,Capecchi
Toscana,Pistoia,Pellegrini
Toscana,Pistoia,Nesti
Toscana,Pistoia,Ferrari
Toscana,Pistoia,Tesi
Toscana,Prato,Gori
Toscana,Prato,Innocenti
Toscana,Prato,Rossi
Toscana,Prato,Martini
Toscana,Prato,Lombardi
Toscana,Prato,Giusti
Toscana,Prato,Cecchi
Toscana,Prato,Pacini
Toscana,Prato,Bartolini
Toscana,Prato,Baldi
Toscana,Siena,Rossi
Toscana,Siena,Brogi
Toscana,Siena,Guerrini
Toscana,Siena,Neri
Toscana,Siena,Bruni
Toscana,Siena,Cappelli
Toscana,Siena,Pianigiani
Toscana,Siena,Ricci
Toscana,Siena,Casini
Toscana,Siena,Betti
Calabria,Catanzaro,Procopio
Calabria,Catanzaro,Talarico
Calabria,Catanzaro,Gigliotti
Calabria,Catanzaro,Mancuso
Calabria,Catanzaro,Perri
Calabria,Catanzaro,Gallo
Calabria,Catanzaro,Mazza
Calabria,Catanzaro,Mastroianni
Calabria,Catanzaro,Rocca
Calabria,Catanzaro,Aiello
Calabria,Cosenza,Greco
Calabria,Cosenza,De Luca
Calabria,Cosenza,Bruno
Calabria,Cosenza,Russo
Calabria,Cosenza,Perri
Calabria,Cosenza,Ferraro
Calabria,Cosenza,Gallo
Calabria,Cosenza,De Marco
Calabria,Cosenza,Caruso
Calabria,Cosenza,Marino
Calabria,Crotone,Greco
Calabria,Crotone,Carvelli
Calabria,Crotone,Ierardi
Calabria,Crotone,Russo
Calabria,Crotone,Gentile
Calabria,Crotone,Scalise
Calabria,Crotone,Pugliese
Calabria,Crotone,Rizzo
Calabria,Crotone,Tallarico
Calabria,Crotone,Bruno
Calabria,Reggio-Calabria,Romeo
Calabria,Reggio-Calabria,Morabito
Calabria,Reggio-Calabria,Tripodi
Calabria,Reggio-Calabria,Foti
Calabria,Reggio-Calabria,Marino
Calabria,Reggio-Calabria,Surace
Calabria,Reggio-Calabria,Crea
Calabria,Reggio-Calabria,Minniti
Calabria,Reggio-Calabria,Laganà
Calabria,Reggio-Calabria,Sucera
Calabria,Vibo Valentia,Grillo
Calabria,Vibo Valentia,Galati
Calabria,Vibo Valentia,Pugliese
Calabria,Vibo Valentia,Tassone
Calabria,Vibo Valentia,Russo
Calabria,Vibo Valentia,Mazzeo
Calabria,Vibo Valentia,Arena
Calabria,Vibo Valentia,Franzè
Calabria,Vibo Valentia,Greco
Calabria,Vibo Valentia,Carnovale
Sardegna,Cagliari,Melis
Sardegna,Cagliari,Piras
Sardegna,Cagliari,Sanna
Sardegna,Cagliari,Meloni
Sardegna,Cagliari,Serra
Sardegna,Cagliari,Pinna
Sardegna,Cagliari,Lai
Sardegna,Cagliari,Manca
Sardegna,Cagliari,Loi
Sardegna,Cagliari,Murgia
Sardegna,Carbonia Iglesias,Pinna
Sardegna,Carbonia Iglesias,Melis
Sardegna,Carbonia Iglesias,Piras
Sardegna,Carbonia Iglesias,Sanna
Sardegna,Carbonia Iglesias,Serra
Sardegna,Carbonia Iglesias,Pintus
Sardegna,Carbonia Iglesias,Manca
Sardegna,Carbonia Iglesias,Diana
Sardegna,Carbonia Iglesias,Floris
Sardegna,Carbonia Iglesias,Lai
Sardegna,Medio Campidano,Sanna
Sardegna,Medio Campidano,Piras
Sardegna,Medio Campidano,Melis
Sardegna,Medio Campidano,Murgia
Sardegna,Medio Campidano,Pinna
Sardegna,Medio Campidano,Serra
Sardegna,Medio Campidano,Atzeni
Sardegna,Medio Campidano,Garau
Sardegna,Medio Campidano,Concas
Sardegna,Medio Campidano,Floris
Sardegna,Nuoro,Piras
Sardegna,Nuoro,Sanna
Sardegna,Nuoro,Lai
Sardegna,Nuoro,Carta
Sardegna,Nuoro,Serra
Sardegna,Nuoro,Manca
Sardegna,Nuoro,Loi
Sardegna,Nuoro,Mereu
Sardegna,Nuoro,Deiana
Sardegna,Nuoro,Mura
Sardegna,Olbia Tempio,Sanna
Sardegna,Olbia Tempio,Deiana
Sardegna,Olbia Tempio,Spano
Sardegna,Olbia Tempio,Carta
Sardegna,Olbia Tempio,Cossu
Sardegna,Olbia Tempio,Careddu 
Sardegna,Olbia Tempio,Addis
Sardegna,Olbia Tempio,Pinna
Sardegna,Olbia Tempio,Meloni
Sardegna,Olbia Tempio,Azara
Sardegna,Oristano,Sanna
Sardegna,Oristano,Piras
Sardegna,Oristano,Pinna
Sardegna,Oristano,Manca
Sardegna,Oristano,Carta
Sardegna,Oristano,Serra
Sardegna,Oristano,Mura
Sardegna,Oristano,Melis
Sardegna,Oristano,Meloni
Sardegna,Oristano,Porcu
Sardegna,Sassari,Sanna
Sardegna,Sassari,Pinna
Sardegna,Sassari,Carta
Sardegna,Sassari,Manca
Sardegna,Sassari,Piras
Sardegna,Sassari,Serra
Sardegna,Sassari,Cossu
Sardegna,Sassari,Canu
Sardegna,Sassari,Mura
Sardegna,Sassari,Sechi
Liguria,Genova,Parodi
Liguria,Genova,Rossi
Liguria,Genova,Pastorino
Liguria,Genova,Canepa
Liguria,Genova,Ferrari
Liguria,Genova,Traverso
Liguria,Genova,Costa
Liguria,Genova,Bruzzone
Liguria,Genova,Repetto
Liguria,Genova,Ferrando
Liguria,Imperia,Lanteri
Liguria,Imperia,Martini
Liguria,Imperia,Rossi
Liguria,Imperia,Ferrari
Liguria,Imperia,Guglielmi 
Liguria,Imperia,Giordano
Liguria,Imperia,Bianchi
Liguria,Imperia,Alberti
Liguria,Imperia,Biancheri
Liguria,Imperia,Viale
Liguria,La Spezia,Rossi
Liguria,La Spezia,Ferrari
Liguria,La Spezia,Cozzani
Liguria,La Spezia,Bianchi
Liguria,La Spezia,Ricci
Liguria,La Spezia,Lombardi
Liguria,La Spezia,Costa
Liguria,La Spezia,Tonelli
Liguria,La Spezia,Maggiani
Liguria,La Spezia,Venturini
Liguria,Savona,Zunino
Liguria,Savona,Rossi
Liguria,Savona,Parodi
Liguria,Savona,Pastorino
Liguria,Savona,Siri
Liguria,Savona,Ferrari
Liguria,Savona,Bruzzone
Liguria,Savona,Delfino
Liguria,Savona,Briano
Liguria,Savona,Ferraro
Marche,Ancona,Rossi
Marche,Ancona,Mancini
Marche,Ancona,Marinelli
Marche,Ancona,Romagnoli
Marche,Ancona,Agostinelli
Marche,Ancona,Carletti
Marche,Ancona,Sabbatini
Marche,Ancona,Giuliani
Marche,Ancona,Marchetti
Marche,Ancona,Ferretti
Marche,Ascoli Piceno,Capriotti
Marche,Ascoli Piceno,De Angelis
Marche,Ascoli Piceno,Angelini
Marche,Ascoli Piceno,Rossi
Marche,Ascoli Piceno,Bruni
Marche,Ascoli Piceno,Traini
Marche,Ascoli Piceno,Fioravanti
Marche,Ascoli Piceno,Gabrielli
Marche,Fermo,Rossi
Marche,Fermo,Marziali
Marche,Fermo,Mancini
Marche,Fermo,Santarelli
Marche,Fermo,Luciani
Marche,Fermo,Moretti
Marche,Fermo,Silenzi
Marche,Fermo,Vitali
Marche,Fermo,Ferracuti
Marche,Fermo,Ercoli
Marche,Macerata,Cingolani
Marche,Macerata,Rossi
Marche,Macerata,Salvucci
Marche,Macerata,Moretti
Marche,Macerata,Romagnoli
Marche,Macerata,Torresi
Marche,Macerata,Gentili
Marche,Macerata,Mancini
Marche,Macerata,Luciani
Marche,Macerata,Marconi
Marche,Pesaro e Urbino,Rossi
Marche,Pesaro e Urbino,Ferri
Marche,Pesaro e Urbino,Ricci
Marche,Pesaro e Urbino,Cecchini
Marche,Pesaro e Urbino,Bartolucci
Marche,Pesaro e Urbino,Serafini
Marche,Pesaro e Urbino,Mancini
Marche,Pesaro e Urbino,Guidi
Marche,Pesaro e Urbino,Conti
Marche,Pesaro e Urbino,Vitali
Abruzzo,Chieti,D'Angelo
Abruzzo,Chieti,Di Paolo
Abruzzo,Chieti,D'Alessandro
Abruzzo,Chieti,Iezzi
Abruzzo,Chieti,De Luca
Abruzzo,Chieti,Menna
Abruzzo,Chieti,Rossi
Abruzzo,Chieti,Mancini
Abruzzo,Chieti,Di Nardo
Abruzzo,Chieti,D'Orazio
Abruzzo,L'Aquila,Rossi
Abruzzo,L'Aquila,De Santis
Abruzzo,L'Aquila,Gentile
Abruzzo,L'Aquila,D'Alessandro
Abruzzo,L'Aquila,Mancini
Abruzzo,L'Aquila,Di Stefano
Abruzzo,L'Aquila,Bianchi
Abruzzo,L'Aquila,Santilli
Abruzzo,L'Aquila,Ricci
Abruzzo,L'Aquila,Di Cesare
Abruzzo,Pescara,D'Angelo
Abruzzo,Pescara,Di Giovanni
Abruzzo,Pescara,D'Amico
Abruzzo,Pescara,Di Girolamo
Abruzzo,Pescara,Mancini
Abruzzo,Pescara,Di Paolo
Abruzzo,Pescara,D'Agostino
Abruzzo,Pescara,Costantini
Abruzzo,Pescara,Di Marco
Abruzzo,Pescara,Di Matteo
Abruzzo,Teramo,Di Francesco
Abruzzo,Teramo,Di Marco
Abruzzo,Teramo,Di Pietro
Abruzzo,Teramo,Ferretti
Abruzzo,Teramo,Di Giuseppe
Abruzzo,Teramo,Marini
Abruzzo,Teramo,Di Felice
Abruzzo,Teramo,Di Domenico
Abruzzo,Teramo,Di Carlo
Abruzzo,Teramo,Ricci
Friuli,Gorizia,Visintin
Friuli,Gorizia,Furlan
Friuli,Gorizia,Marchesan
Friuli,Gorizia,Medeot
Friuli,Gorizia,Trevisan
Friuli,Gorizia,Marega
Friuli,Gorizia,Bressan
Friuli,Gorizia,Calligaris
Friuli,Gorizia,Donda
Friuli,Gorizia,Brumat
Friuli,Pordenone,Santarossa
Friuli,Pordenone,Moro
Friuli,Pordenone,Bortolin
Friuli,Pordenone,Basso
Friuli,Pordenone,Corazza
Friuli,Pordenone,D'Andrea
Friuli,Pordenone,Trevisan
Friuli,Pordenone,Pivetta
Friuli,Pordenone,Moras
Friuli,Pordenone,Bertolussi
Friuli,Trieste,Furlan
Friuli,Trieste,Vascotto
Friuli,Trieste,Degrassi
Friuli,Trieste,Crevatin
Friuli,Trieste,Fonda
Friuli,Trieste,Ferluga
Friuli,Trieste,Gregori
Friuli,Trieste,Coslovich  Visintin
Friuli,Trieste,Petronio
Friuli,Udine,Mauro
Friuli,Udine,Rossi
Friuli,Udine,Zuliani
Friuli,Udine,Fabbro
Friuli,Udine,Degano
Friuli,Udine,Moro
Friuli,Udine,Beltrame
Friuli,Udine,Picco
Friuli,Udine,Fabris
Friuli,Udine,Venturini
Trentino,Bolzano,Mair
Trentino,Bolzano,Hofer
Trentino,Bolzano,Pichler
Trentino,Bolzano,Kofler
Trentino,Bolzano,Gruber
Trentino,Bolzano,Pircher
Trentino,Bolzano,Egger
Trentino,Bolzano,Gasser
Trentino,Bolzano,Gamper
Trentino,Bolzano,Huber
Trentino,Trento,Ferrari
Trentino,Trento,Tomasi
Trentino,Trento,Sartori
Trentino,Trento,Pedrotti
Trentino,Trento,Valentini
Trentino,Trento,Rossi
Trentino,Trento,Zeni
Trentino,Trento,Giovannini
Trentino,Trento,Martinelli
Trentino,Trento,Leonardi
Umbria,Perugia,Rossi
Umbria,Perugia,Fiorucci
Umbria,Perugia,Ricci
Umbria,Perugia,Moretti
Umbria,Perugia,Mancini
Umbria,Perugia,Proietti
Umbria,Perugia,Rosati
Umbria,Perugia,Bellucci
Umbria,Perugia,Benedetti
Umbria,Perugia,Ceccarelli
Umbria,Terni,Proietti
Umbria,Terni,Rossi
Umbria,Terni,Moretti
Umbria,Terni,Conti
Umbria,Terni,Rosati
Umbria,Terni,Sabatini
Umbria,Terni,Ricci
Umbria,Terni,Leonardi
Umbria,Terni,Bernardini
Umbria,Terni,Morelli
Basilicata,Matera,Montemurro
Basilicata,Matera,Grieco
Basilicata,Matera,Stigliano
Basilicata,Matera,Bruno
Basilicata,Matera,D'Alessandro
Basilicata,Matera,Venezia
Basilicata,Matera,Quinto
Basilicata,Matera,Paolicelli
Basilicata,Matera,Nicoletti 
Basilicata,Matera,Andrisani
Basilicata,Potenza,Pace
Basilicata,Potenza,Telesca
Basilicata,Potenza,Mecca
Basilicata,Potenza,Sabia
Basilicata,Potenza,Colangelo
Basilicata,Potenza,Coviello
Basilicata,Potenza,Russo
Basilicata,Potenza,Santarsiero
Basilicata,Potenza,Romaniello
Basilicata,Potenza,Santoro
Molise,Campobasso,Di Iorio
Molise,Campobasso,Testa
Molise,Campobasso,Mignogna
Molise,Campobasso,Mancini
Molise,Campobasso,Palladino
Molise,Campobasso,De Santis
Molise,Campobasso,D'Alessandro
Molise,Campobasso,Spina
Molise,Campobasso,Moffa
Molise,Campobasso,Salvatore
Molise,Isernia,Rossi
Molise,Isernia,Ricci
Molise,Isernia,Lombardi
Molise,Isernia,Mancini
Molise,Isernia,Bucci
Molise,Isernia,Forte
Molise,Isernia,Izzi
Molise,Isernia,Petrarca
Molise,Isernia,Gentile
Molise,Isernia,Silvestri
Valle d'Aosta,Aosta,Favre
Valle d'Aosta,Aosta,Cerise
Valle d'Aosta,Aosta,Bionaz
Valle d'Aosta,Aosta,Vuillermoz
Valle d'Aosta,Aosta,Rosset
Valle d'Aosta,Aosta,Blanc
Valle d'Aosta,Aosta,Pession
Valle d'Aosta,Aosta,Grange
Valle d'Aosta,Aosta,Vierin
Valle d'Aosta,Aosta,Rossi 
Valle d'Aosta,Aosta,Peaquin
